x,y,dt
2305.6,194.4,0.0000
2805.6,916.7,0.0000
361.1,1972.2,0.8422
1361.1,1694.4,0.0075
2638.9,1472.2,0.0000
1527.8,1750.0,0.0083
2083.3,416.7,0.0052
1805.6,1361.1,0.0148
250.0,1527.8,0.0778
2694.4,1527.8,0.0000
916.7,583.3,0.0020
1638.9,472.2,0.0144
416.7,27.8,0.9000
750.0,27.8,0.2561
194.4,1750.0,0.0915
2416.7,1361.1,0.0000
194.4,1138.9,0.0000
1750.0,1750.0,0.0094
1805.6,138.9,0.0095
2750.0,305.6,0.7928
2916.7,1527.8,0.0000
638.9,1972.2,0.6424
2694.4,27.8,0.7942
2305.6,1083.3,0.0000
194.4,472.2,0.0000
1916.7,1250.0,0.0135
250.0,638.9,0.0000
305.6,27.8,0.9000
1972.2,1638.9,0.0021
305.6,972.2,0.0000
1250.0,194.4,0.0184
1527.8,1694.4,0.0073
1361.1,305.6,0.0070
527.8,583.3,0.0002
2361.1,361.1,0.0180
638.9,1527.8,0.1131
1861.1,861.1,0.9000
1527.8,1805.6,0.0134
1527.8,1527.8,0.0130
916.7,1138.9,0.0889
972.2,1138.9,0.9000
1416.7,27.8,0.7046
2805.6,527.8,0.0000
2916.7,1138.9,0.0000
1027.8,361.1,0.0020
2416.7,638.9,0.1730
2972.2,805.6,0.0000
750.0,250.0,0.0283
305.6,1472.2,0.0000
2194.4,1138.9,0.0018
527.8,1694.4,0.3534
1805.6,194.4,0.0059
1250.0,527.8,0.0116
2194.4,1972.2,0.9000
638.9,1361.1,0.4255
2472.2,916.7,0.0012
972.2,1972.2,0.6677
2194.4,472.2,0.0150
1638.9,83.3,0.0688
1472.2,1472.2,0.0163
1194.4,1583.3,0.0124
916.7,750.0,0.0041
1416.7,1305.6,0.0344
972.2,416.7,0.0016
1916.7,194.4,0.0041
2916.7,250.0,0.0070
2805.6,1305.6,0.0000
583.3,1305.6,0.0724
2138.9,1027.8,0.0044
1805.6,750.0,0.0517
1250.0,805.6,0.0239
1138.9,305.6,0.0043
2472.2,305.6,0.3266
2472.2,1805.6,0.9000
83.3,1027.8,0.0000
1472.2,916.7,0.6915
1638.9,1916.7,0.1019
2972.2,1083.3,0.0000
2527.8,1750.0,0.2280
2972.2,750.0,0.0000
1361.1,1194.4,0.0421
2194.4,750.0,0.3613
2861.1,1694.4,0.0000
1972.2,750.0,0.9000
694.4,472.2,0.0014
2972.2,305.6,0.0000
1638.9,1250.0,0.0251
2583.3,1916.7,0.0000
1416.7,527.8,0.0150
694.4,805.6,0.0000
83.3,1861.1,0.6450
2027.8,805.6,0.9000
1472.2,1694.4,0.0074
2305.6,750.0,0.0849
2972.2,138.9,0.0722
1805.6,1805.6,0.0210
2583.3,1583.3,0.0000
250.0,1472.2,0.0012
750.0,805.6,0.0006
2472.2,1416.7,0.0003
2194.4,83.3,0.0000
1027.8,1027.8,0.0221
805.6,805.6,0.0016
83.3,1972.2,0.0799
1583.3,1638.9,0.0081
2972.2,1638.9,0.0000
1138.9,1861.1,0.0080
416.7,1638.9,0.0073
805.6,1305.6,0.9000
1694.4,194.4,0.0074
972.2,138.9,0.0784
2638.9,1194.4,0.0000
972.2,27.8,0.9000
2194.4,527.8,0.0177
638.9,805.6,0.0000
1416.7,805.6,0.0315
1250.0,1972.2,0.6768
138.9,1250.0,0.0000
194.4,1250.0,0.0000
2916.7,527.8,0.0000
83.3,916.7,0.0000
583.3,1972.2,0.6409
805.6,83.3,0.9000
1305.6,27.8,0.7287
916.7,27.8,0.9000
805.6,1805.6,0.0000
972.2,361.1,0.0019
27.8,27.8,0.9000
1083.3,1305.6,0.0349
2805.6,638.9,0.0000
861.1,638.9,0.0018
861.1,1416.7,0.0192
2638.9,27.8,0.8220
1861.1,694.4,0.0355
416.7,583.3,0.0000
2083.3,1638.9,0.0020
1861.1,1861.1,0.0550
694.4,1194.4,0.0211
2250.0,694.4,0.6931
694.4,83.3,0.9000
527.8,638.9,0.0000
83.3,1194.4,0.0000
2194.4,1583.3,0.0017
2583.3,1250.0,0.0000
2750.0,972.2,0.0000
1694.4,472.2,0.0148
1138.9,916.7,0.0229
2527.8,83.3,0.0626
694.4,138.9,0.3377
1138.9,138.9,0.0535
1805.6,972.2,0.0762
2916.7,1805.6,0.0000
1805.6,1250.0,0.0198
972.2,83.3,0.2172
2694.4,1138.9,0.0000
2638.9,583.3,0.0000
1194.4,1250.0,0.8530
27.8,1805.6,0.0038
1027.8,694.4,0.0080
1583.3,527.8,0.0167
2027.8,1694.4,0.0047
2638.9,750.0,0.0000
1750.0,1916.7,0.1194
1083.3,916.7,0.0196
2805.6,1527.8,0.0000
861.1,1527.8,0.0092
750.0,194.4,0.0594
1694.4,1972.2,0.7322
250.0,861.1,0.0000
1694.4,1638.9,0.0070
250.0,472.2,0.0000
472.2,1472.2,0.9000
1027.8,750.0,0.0098
1472.2,1250.0,0.0353
1361.1,972.2,0.1191
1916.7,1027.8,0.0212
972.2,805.6,0.0081
805.6,1138.9,0.0184
1861.1,27.8,0.6689
1361.1,1472.2,0.0175
638.9,83.3,0.9000
2250.0,1916.7,0.9000
1805.6,305.6,0.0075
694.4,1583.3,0.0172
2916.7,1416.7,0.0000
805.6,472.2,0.0013
1638.9,861.1,0.8031
27.8,527.8,0.0000
361.1,1416.7,0.0000
2194.4,1194.4,0.0017
1750.0,138.9,0.0120
2638.9,527.8,0.0000
305.6,1638.9,0.1375
1250.0,694.4,0.0193
694.4,305.6,0.0134
2750.0,1472.2,0.0000
1416.7,638.9,0.0205
1416.7,750.0,0.0281
2638.9,972.2,0.0000
1083.3,750.0,0.0134
1694.4,83.3,0.0617
2638.9,861.1,0.0000
2361.1,194.4,0.0002
583.3,1361.1,0.1849
27.8,472.2,0.0000
2083.3,1361.1,0.0026
1305.6,1138.9,0.9000
1694.4,1194.4,0.0256
694.4,1750.0,0.0010
1027.8,1694.4,0.0053
527.8,1805.6,0.0013
2638.9,1583.3,0.0000
2638.9,1305.6,0.0000
138.9,194.4,0.0000
2694.4,250.0,0.1665
2361.1,1305.6,0.0000
2972.2,1361.1,0.0000
2750.0,1805.6,0.0000
1805.6,1194.4,0.0220
2861.1,1083.3,0.0000
2083.3,1972.2,0.9000
1194.4,472.2,0.0075
361.1,527.8,0.0000
2750.0,1027.8,0.0000
1305.6,1972.2,0.6797
527.8,1916.7,0.0018
2194.4,305.6,0.0000
2972.2,416.7,0.0000
527.8,1083.3,0.0015
1527.8,805.6,0.0374
527.8,750.0,0.0000
2805.6,416.7,0.0200
2972.2,1972.2,0.9000
361.1,194.4,0.0000
27.8,1638.9,0.0000
2638.9,83.3,0.0363
194.4,1861.1,0.9000
472.2,1361.1,0.0836
2472.2,1694.4,0.9000
1750.0,361.1,0.0097
1750.0,583.3,0.0244
527.8,138.9,0.4690
27.8,83.3,0.0000
2083.3,861.1,0.0730
861.1,361.1,0.0024
1250.0,861.1,0.0258
1694.4,305.6,0.0074
2861.1,1750.0,0.0000
2416.7,472.2,0.9000
2138.9,250.0,0.0000
1638.9,1750.0,0.0092
2416.7,916.7,0.0000
1861.1,194.4,0.0052
2194.4,972.2,0.0016
861.1,1361.1,0.2628
2416.7,694.4,0.0659
1527.8,1305.6,0.0269
750.0,361.1,0.0046
2805.6,1250.0,0.0000
2527.8,1861.1,0.1463
583.3,1472.2,0.9000
1305.6,694.4,0.0210
2694.4,1861.1,0.0000
1694.4,972.2,0.9000
1805.6,83.3,0.0465
1527.8,1416.7,0.0186
694.4,694.4,0.0004
1861.1,916.7,0.9000
1250.0,972.2,0.0472
1361.1,1250.0,0.0387
138.9,694.4,0.0000
1138.9,1416.7,0.0287
916.7,83.3,0.2710
1972.2,1583.3,0.0020
2750.0,694.4,0.0000
1527.8,138.9,0.0256
1527.8,527.8,0.0162
194.4,138.9,0.0000
2361.1,1750.0,0.0560
1861.1,1916.7,0.1449
1027.8,916.7,0.0153
2527.8,1472.2,0.9000
361.1,916.7,0.0000
2250.0,361.1,0.0090
416.7,1916.7,0.0215
527.8,805.6,0.0000
1416.7,138.9,0.0326
1138.9,1472.2,0.0190
2527.8,1027.8,0.0908
916.7,916.7,0.0070
472.2,138.9,0.1452
2361.1,416.7,0.0230
1361.1,805.6,0.0283
2972.2,1805.6,0.0000
361.1,1305.6,0.0000
2083.3,250.0,0.0000
305.6,1583.3,0.0925
2583.3,305.6,0.0376
2305.6,583.3,0.9000
694.4,972.2,0.0000
1583.3,1027.8,0.2108
2138.9,694.4,0.9000
1805.6,472.2,0.0151
1638.9,27.8,0.6796
2916.7,861.1,0.0000
972.2,1527.8,0.0120
2472.2,583.3,0.1938
2472.2,1916.7,0.1388
1138.9,1361.1,0.0360
2861.1,1916.7,0.0000
2750.0,1305.6,0.0000
2527.8,638.9,0.0757
2527.8,1638.9,0.9000
250.0,138.9,0.0000
861.1,194.4,0.0482
1916.7,1472.2,0.0052
1861.1,527.8,0.0185
472.2,1583.3,0.9000
1416.7,83.3,0.0939
805.6,305.6,0.0106
361.1,750.0,0.0000
916.7,472.2,0.0014
1194.4,1138.9,0.9000
805.6,1416.7,0.0871
2416.7,416.7,0.9000
2805.6,1972.2,0.9000
1750.0,1527.8,0.0094
527.8,916.7,0.0000
1583.3,638.9,0.0260
2138.9,1361.1,0.0019
916.7,694.4,0.0032
583.3,750.0,0.0000
583.3,638.9,0.0000
1250.0,1416.7,0.0250
1305.6,250.0,0.0089
1750.0,83.3,0.0543
27.8,1027.8,0.0000
1972.2,972.2,0.0207
194.4,527.8,0.0000
2250.0,83.3,0.0000
1250.0,250.0,0.0089
472.2,805.6,0.6594
2194.4,27.8,0.6490
2694.4,638.9,0.0000
2083.3,527.8,0.0165
638.9,416.7,0.0016
2250.0,1861.1,0.1422
916.7,1250.0,0.9000
1861.1,1583.3,0.0042
583.3,1194.4,0.0003
83.3,1250.0,0.0000
1194.4,1083.3,0.9000
2805.6,861.1,0.0000
2416.7,305.6,0.0233
1583.3,750.0,0.0364
916.7,972.2,0.0080
583.3,1027.8,0.0000
916.7,250.0,0.0173
750.0,1027.8,0.0000
27.8,638.9,0.0000
1472.2,305.6,0.0072
2527.8,250.0,0.9000
1861.1,1027.8,0.0260
1750.0,1250.0,0.0218
416.7,1805.6,0.9000
2750.0,805.6,0.0000
1472.2,1361.1,0.0231
1416.7,472.2,0.0123
2083.3,194.4,0.0000
972.2,1361.1,0.0281
1138.9,361.1,0.0035
2916.7,83.3,0.4375
2027.8,1083.3,0.0111
2638.9,305.6,0.6593
2027.8,527.8,0.0179
2083.3,1250.0,0.0042
1361.1,861.1,0.0325
1416.7,1861.1,0.0231
916.7,305.6,0.0056
83.3,27.8,0.9000
1527.8,83.3,0.0817
1083.3,1194.4,0.9000
2305.6,694.4,0.2621
805.6,638.9,0.0012
694.4,750.0,0.0002
1361.1,638.9,0.0196
2861.1,1416.7,0.0000
416.7,527.8,0.0000
1805.6,1305.6,0.0174
2416.7,1250.0,0.0000
2472.2,1083.3,0.0000
2805.6,361.1,0.0602
1027.8,1527.8,0.0131
1027.8,250.0,0.0114
1416.7,1527.8,0.0140
83.3,361.1,0.0000
1138.9,1083.3,0.9000
2638.9,916.7,0.0000
194.4,1194.4,0.0000
1138.9,1972.2,0.6729
2583.3,472.2,0.0080
416.7,750.0,0.0000
2916.7,1583.3,0.0000
1583.3,194.4,0.0098
1083.3,583.3,0.0069
694.4,1527.8,0.0223
2027.8,361.1,0.0053
1583.3,972.2,0.9000
2250.0,1027.8,0.0000
805.6,1027.8,0.0015
416.7,416.7,0.0000
1472.2,1194.4,0.0378
750.0,1416.7,0.9000
1083.3,27.8,0.8209
416.7,1250.0,0.0000
1805.6,527.8,0.0182
1527.8,472.2,0.0134
2416.7,194.4,0.0009
1138.9,583.3,0.0096
638.9,638.9,0.0002
1750.0,194.4,0.0066
2750.0,1083.3,0.0000
638.9,1583.3,0.0243
861.1,472.2,0.0013
1138.9,805.6,0.0191
361.1,1527.8,0.0063
250.0,305.6,0.0000
1472.2,27.8,0.6962
972.2,1583.3,0.0077
2916.7,1194.4,0.0000
1083.3,305.6,0.0037
2027.8,1027.8,0.0124
1305.6,1416.7,0.0231
1527.8,861.1,0.0457
2861.1,750.0,0.0000
2194.4,1916.7,0.9000
1250.0,83.3,0.1175
83.3,194.4,0.0000
694.4,1805.6,0.0000
805.6,750.0,0.0015
2138.9,916.7,0.0074
2194.4,1027.8,0.0018
2138.9,805.6,0.1810
2972.2,638.9,0.9000
972.2,1750.0,0.0015
305.6,1305.6,0.0000
527.8,1361.1,0.0913
416.7,305.6,0.0000
416.7,1027.8,0.0000
2361.1,1250.0,0.0000
1250.0,1638.9,0.0098
194.4,305.6,0.0000
2416.7,361.1,0.0771
1972.2,1305.6,0.0081
2583.3,83.3,0.0221
861.1,1972.2,0.6589
2305.6,1916.7,0.9000
2805.6,1361.1,0.0000
2250.0,583.3,0.9000
1527.8,638.9,0.0229
361.1,83.3,0.0000
1027.8,83.3,0.1862
1416.7,250.0,0.0084
694.4,916.7,0.0000
83.3,1083.3,0.0000
1250.0,1027.8,0.8608
1416.7,972.2,0.9000
2972.2,1027.8,0.0000
2861.1,1638.9,0.0000
416.7,638.9,0.0000
972.2,750.0,0.0065
138.9,972.2,0.0000
1916.7,861.1,0.9000
1472.2,527.8,0.0156
2583.3,527.8,0.0002
2916.7,305.6,0.0000
83.3,1138.9,0.0000
2638.9,1972.2,0.9000
1027.8,1250.0,0.9000
2583.3,1527.8,0.0000
416.7,694.4,0.0000
2250.0,1638.9,0.0049
2027.8,861.1,0.8448
861.1,750.0,0.0025
1138.9,1638.9,0.0096
416.7,472.2,0.0000
1416.7,305.6,0.0071
1805.6,1416.7,0.0123
1916.7,416.7,0.0113
750.0,1361.1,0.9000
2138.9,138.9,0.0000
2083.3,1750.0,0.0181
2361.1,861.1,0.0000
750.0,1583.3,0.0173
416.7,1194.4,0.0000
250.0,972.2,0.0000
583.3,138.9,0.9000
1972.2,416.7,0.0099
1194.4,1527.8,0.0153
2638.9,1138.9,0.0000
2638.9,1916.7,0.0000
2972.2,250.0,0.0000
1472.2,1916.7,0.0834
1361.1,1916.7,0.0704
305.6,1138.9,0.0000
583.3,1916.7,0.0000
2138.9,472.2,0.0086
2194.4,916.7,0.0014
27.8,694.4,0.0000
1583.3,1583.3,0.0099
805.6,1861.1,0.0000
361.1,472.2,0.0000
2805.6,194.4,0.2514
1972.2,250.0,0.0033
1416.7,1638.9,0.0089
305.6,1750.0,0.1336
1027.8,1194.4,0.9000
861.1,1750.0,0.0000
305.6,361.1,0.0000
2361.1,1472.2,0.0007
694.4,1416.7,0.9000
2861.1,1805.6,0.0000
2194.4,1527.8,0.0014
750.0,583.3,0.0010
138.9,1527.8,0.0000
2916.7,1861.1,0.0000
1250.0,1194.4,0.9000
1750.0,1638.9,0.0061
194.4,638.9,0.0000
27.8,1861.1,0.0465
2416.7,1527.8,0.0007
1527.8,583.3,0.0191
138.9,1416.7,0.0000
1805.6,1861.1,0.0495
2027.8,972.2,0.0136
972.2,527.8,0.0021
2805.6,1583.3,0.0000
194.4,416.7,0.0000
361.1,861.1,0.0000
1416.7,1194.4,0.0400
750.0,1138.9,0.0054
1638.9,1083.3,0.0400
361.1,972.2,0.0000
1027.8,27.8,0.8571
527.8,1638.9,0.9000
1583.3,472.2,0.0139
1472.2,1027.8,0.9000
138.9,750.0,0.0000
1194.4,527.8,0.0097
805.6,1194.4,0.1027
916.7,1194.4,0.9000
1083.3,194.4,0.0254
2361.1,305.6,0.0094
2916.7,1472.2,0.0000
2138.9,83.3,0.0009
916.7,1472.2,0.0177
1861.1,1638.9,0.0037
2416.7,1138.9,0.0000
1861.1,1805.6,0.0232
2027.8,305.6,0.0031
2638.9,638.9,0.0000
361.1,1472.2,0.0000
2694.4,1638.9,0.0000
2916.7,1750.0,0.0000
2861.1,250.0,0.0428
361.1,1694.4,0.2416
2694.4,1472.2,0.0000
2472.2,638.9,0.0852
1472.2,638.9,0.0212
1194.4,1305.6,0.1063
27.8,1972.2,0.0000
138.9,1861.1,0.5037
583.3,583.3,0.0004
194.4,1583.3,0.0215
2083.3,1305.6,0.0033
1194.4,1861.1,0.0102
2305.6,250.0,0.0008
972.2,472.2,0.0017
2305.6,1305.6,0.0004
527.8,972.2,0.0000
1083.3,694.4,0.0112
2638.9,1527.8,0.0000
1027.8,1638.9,0.0076
1027.8,1805.6,0.0027
972.2,694.4,0.0051
1250.0,138.9,0.0435
305.6,305.6,0.0000
1694.4,1916.7,0.1097
1750.0,694.4,0.0369
1583.3,83.3,0.0754
1305.6,1638.9,0.0096
2250.0,638.9,0.9000
250.0,527.8,0.0000
1805.6,1638.9,0.0049
2694.4,750.0,0.0000
2361.1,1194.4,0.0000
305.6,1250.0,0.0000
1194.4,138.9,0.0480
1916.7,1972.2,0.8243
83.3,138.9,0.0000
2805.6,1083.3,0.0000
638.9,750.0,0.0000
2472.2,194.4,0.0013
2527.8,194.4,0.9000
1861.1,1694.4,0.0045
2083.3,1583.3,0.0014
972.2,972.2,0.0122
1861.1,638.9,0.0344
250.0,27.8,0.9000
1583.3,861.1,0.0598
2027.8,1194.4,0.0082
2972.2,1916.7,0.0000
2027.8,1305.6,0.0053
861.1,861.1,0.0034
1305.6,1083.3,0.9000
2472.2,1638.9,0.0741
27.8,1916.7,0.9000
472.2,1638.9,0.9000
2194.4,1305.6,0.0014
1194.4,805.6,0.0219
916.7,1861.1,0.0000
2138.9,1694.4,0.0082
2694.4,1750.0,0.0000
2138.9,1972.2,0.9000
2694.4,527.8,0.0016
2361.1,1083.3,0.0000
2361.1,27.8,0.6366
638.9,583.3,0.0004
2416.7,861.1,0.0000
583.3,1694.4,0.0271
2083.3,1138.9,0.0061
2694.4,861.1,0.0000
1527.8,1361.1,0.0213
2027.8,1138.9,0.0097
861.1,83.3,0.9000
1305.6,1805.6,0.0079
1138.9,694.4,0.0144
2361.1,1861.1,0.9000
1027.8,305.6,0.0038
2694.4,1083.3,0.0000
1194.4,1416.7,0.0270
2694.4,1805.6,0.0000
1194.4,416.7,0.0057
1527.8,1472.2,0.0158
2694.4,416.7,0.1167
1916.7,1583.3,0.0028
2416.7,1805.6,0.9000
2583.3,1027.8,0.0000
27.8,972.2,0.0000
194.4,1416.7,0.0000
2250.0,305.6,0.0023
638.9,1416.7,0.9000
1638.9,1527.8,0.0117
583.3,250.0,0.1249
2027.8,1583.3,0.0016
2305.6,1527.8,0.0014
27.8,305.6,0.0000
750.0,861.1,0.0003
750.0,1694.4,0.0026
250.0,1083.3,0.0000
416.7,1972.2,0.8083
638.9,527.8,0.0007
1805.6,583.3,0.0263
1138.9,527.8,0.0074
2638.9,361.1,0.2301
694.4,416.7,0.0020
250.0,1861.1,0.8392
1305.6,361.1,0.0069
2750.0,1638.9,0.0000
1305.6,805.6,0.0254
805.6,416.7,0.0017
2027.8,1361.1,0.0040
361.1,1361.1,0.0000
972.2,1694.4,0.0033
305.6,1916.7,0.6265
2694.4,1194.4,0.0000
1305.6,138.9,0.0396
361.1,1638.9,0.0465
638.9,1805.6,0.0003
2083.3,1805.6,0.0420
2805.6,83.3,0.9000
1694.4,1694.4,0.0069
1638.9,1805.6,0.0165
2138.9,972.2,0.0050
1138.9,1805.6,0.0057
2527.8,1194.4,0.6724
1972.2,1416.7,0.0046
1083.3,1416.7,0.0294
1750.0,527.8,0.0180
2250.0,527.8,0.0549
2250.0,1361.1,0.0009
2583.3,1861.1,0.0000
1861.1,361.1,0.0093
1916.7,1361.1,0.0091
1638.9,1138.9,0.0324
1972.2,194.4,0.0021
527.8,83.3,0.1368
250.0,361.1,0.0000
1527.8,694.4,0.0301
1083.3,1250.0,0.2450
2138.9,1583.3,0.0014
527.8,1472.2,0.9000
2250.0,250.0,0.0000
2027.8,1527.8,0.0017
2138.9,1305.6,0.0022
305.6,861.1,0.0000
805.6,250.0,0.0260
750.0,1972.2,0.6496
2472.2,1361.1,0.0000
638.9,916.7,0.0000
1916.7,916.7,0.1130
1861.1,1138.9,0.0213
472.2,694.4,0.8123
2250.0,1805.6,0.0604
2250.0,750.0,0.1643
2583.3,1472.2,0.0000
194.4,916.7,0.0000
972.2,1250.0,0.9000
1027.8,1750.0,0.0036
1972.2,583.3,0.0272
1694.4,583.3,0.0227
1694.4,1583.3,0.0085
2750.0,472.2,0.2579
583.3,1138.9,0.0001
2694.4,305.6,0.1762
2305.6,361.1,0.0130
2805.6,472.2,0.0000
2472.2,1972.2,0.8908
305.6,194.4,0.0000
138.9,1361.1,0.9000
2638.9,416.7,0.0410
2527.8,305.6,0.9000
2194.4,194.4,0.0000
1138.9,1750.0,0.0060
83.3,1416.7,0.0000
1527.8,1972.2,0.6996
2861.1,583.3,0.0000
2972.2,1694.4,0.0000
2583.3,1750.0,0.0000
2805.6,138.9,0.9000
1416.7,1583.3,0.0112
1861.1,1416.7,0.0097
2583.3,861.1,0.0000
1694.4,361.1,0.0095
1472.2,805.6,0.0346
527.8,472.2,0.0150
2638.9,250.0,0.6785
2472.2,27.8,0.6363
2305.6,1861.1,0.3365
2083.3,1694.4,0.0060
1805.6,1916.7,0.1308
2583.3,805.6,0.0000
1083.3,1861.1,0.0060
1527.8,916.7,0.1681
2194.4,694.4,0.9000
1083.3,1138.9,0.9000
1694.4,1361.1,0.0185
2916.7,1638.9,0.0000
1361.1,27.8,0.7153
1194.4,638.9,0.0147
1861.1,1305.6,0.0146
694.4,1638.9,0.0133
805.6,916.7,0.0018
2194.4,1861.1,0.1152
1583.3,1472.2,0.0151
694.4,638.9,0.0006
694.4,1472.2,0.3804
194.4,805.6,0.0000
1750.0,1472.2,0.0117
2805.6,1694.4,0.0000
805.6,1083.3,0.0013
1694.4,1027.8,0.0602
305.6,916.7,0.0000
2250.0,1194.4,0.0006
472.2,1916.7,0.0671
1361.1,750.0,0.0248
1916.7,750.0,0.3724
194.4,1972.2,0.3468
1416.7,1083.3,0.7138
1527.8,1916.7,0.0895
861.1,1694.4,0.0000
361.1,1250.0,0.0000
1861.1,1972.2,0.7941
2250.0,1472.2,0.0012
305.6,1194.4,0.0000
416.7,138.9,0.0000
694.4,1027.8,0.0000
1694.4,861.1,0.6909
2583.3,250.0,0.1121
361.1,1583.3,0.0361
2583.3,361.1,0.0229
750.0,1750.0,0.0000
305.6,750.0,0.0000
1027.8,1083.3,0.0690
2472.2,861.1,0.0000
916.7,861.1,0.0060
1527.8,250.0,0.0075
2250.0,27.8,0.6445
2305.6,27.8,0.6404
2750.0,1750.0,0.0000
694.4,1861.1,0.0000
2972.2,972.2,0.0000
1972.2,694.4,0.0577
1916.7,1750.0,0.0103
1805.6,416.7,0.0123
2138.9,1916.7,0.7374
416.7,1083.3,0.0000
1472.2,1972.2,0.6929
1250.0,1694.4,0.0078
1972.2,1361.1,0.0063
916.7,416.7,0.0014
1638.9,1194.4,0.0287
2916.7,416.7,0.0000
2305.6,1972.2,0.1195
583.3,972.2,0.0000
2527.8,861.1,0.0000
2638.9,1805.6,0.0000
2638.9,1861.1,0.0000
527.8,694.4,0.0000
250.0,750.0,0.0000
2916.7,1250.0,0.0000
2916.7,972.2,0.0000
2250.0,416.7,0.0166
2416.7,1916.7,0.1877
416.7,805.6,0.0000
2027.8,1861.1,0.0797
250.0,1638.9,0.4676
2583.3,583.3,0.0000
2527.8,694.4,0.0175
1416.7,583.3,0.0177
1805.6,1750.0,0.0093
694.4,861.1,0.0000
2861.1,194.4,0.1276
1972.2,1194.4,0.0118
472.2,750.0,0.7379
805.6,583.3,0.0012
250.0,805.6,0.0000
583.3,1805.6,0.0010
583.3,27.8,0.7268
1472.2,361.1,0.0083
805.6,861.1,0.0017
1138.9,1694.4,0.0073
2472.2,1861.1,0.4610
472.2,1805.6,0.9000
750.0,1527.8,0.0195
138.9,583.3,0.0000
1416.7,416.7,0.0099
2083.3,805.6,0.9000
916.7,138.9,0.0900
1638.9,305.6,0.0073
1416.7,861.1,0.0445
1250.0,472.2,0.0092
1694.4,1750.0,0.0094
2916.7,583.3,0.0000
83.3,972.2,0.0000
194.4,583.3,0.0000
527.8,1416.7,0.2044
27.8,1750.0,0.0000
861.1,1805.6,0.0000
2027.8,1750.0,0.0147
2527.8,1305.6,0.8326
2916.7,472.2,0.0000
2527.8,27.8,0.6955
1138.9,638.9,0.0119
2972.2,472.2,0.0000
2361.1,1416.7,0.0004
2305.6,916.7,0.0000
750.0,138.9,0.1405
2250.0,1138.9,0.0004
638.9,1694.4,0.0099
527.8,1027.8,0.0015
638.9,305.6,0.0209
1916.7,1416.7,0.0071
2027.8,1805.6,0.0358
1638.9,972.2,0.9000
1361.1,83.3,0.1001
638.9,194.4,0.1524
2527.8,1583.3,0.9000
1305.6,916.7,0.0352
83.3,305.6,0.0000
472.2,472.2,0.9000
694.4,1250.0,0.0959
861.1,916.7,0.0038
2083.3,472.2,0.0099
2416.7,1583.3,0.0067
2416.7,750.0,0.0165
2750.0,1694.4,0.0000
2305.6,1138.9,0.0000
2527.8,1916.7,0.1785
1083.3,1527.8,0.0143
1638.9,1027.8,0.7427
194.4,861.1,0.0000
1472.2,750.0,0.0315
1527.8,416.7,0.0108
2916.7,194.4,0.0198
1472.2,1083.3,0.8421
916.7,805.6,0.0050
861.1,1138.9,0.0433
2472.2,1250.0,0.0000
1083.3,416.7,0.0027
138.9,27.8,0.9000
1416.7,1916.7,0.0771
1805.6,861.1,0.9000
194.4,1083.3,0.0000
972.2,1416.7,0.0271
305.6,1027.8,0.0000
250.0,1138.9,0.0000
2694.4,194.4,0.3623
1638.9,138.9,0.0184
2416.7,1694.4,0.0584
2638.9,1750.0,0.0000
1083.3,361.1,0.0025
1083.3,1083.3,0.1406
916.7,1083.3,0.0228
2694.4,1416.7,0.0000
2972.2,83.3,0.9000
805.6,1472.2,0.0194
250.0,1416.7,0.0000
2138.9,638.9,0.3809
2416.7,27.8,0.6342
1416.7,694.4,0.0231
194.4,750.0,0.0000
1194.4,1361.1,0.0406
1472.2,1750.0,0.0078
2638.9,805.6,0.0000
1361.1,472.2,0.0116
1250.0,1361.1,0.0346
1972.2,1694.4,0.0041
416.7,361.1,0.0000
472.2,1027.8,0.0177
2861.1,1250.0,0.0000
1972.2,83.3,0.0213
138.9,361.1,0.0000
527.8,305.6,0.9000
1250.0,750.0,0.0218
2083.3,83.3,0.0044
27.8,805.6,0.0000
583.3,83.3,0.1852
2805.6,1416.7,0.0000
2305.6,1361.1,0.0006
1416.7,1805.6,0.0104
1638.9,1638.9,0.0076
1972.2,27.8,0.6657
1750.0,1305.6,0.0194
1583.3,1138.9,0.0360
1583.3,1527.8,0.0124
2472.2,1027.8,0.0000
1027.8,1583.3,0.0101
2361.1,1638.9,0.0074
750.0,750.0,0.0008
638.9,1750.0,0.0030
1361.1,1750.0,0.0070
305.6,1361.1,0.0000
2750.0,638.9,0.0000
527.8,1138.9,0.0004
1416.7,1694.4,0.0074
2083.3,1527.8,0.0014
583.3,1583.3,0.9000
1361.1,1638.9,0.0092
2527.8,1972.2,0.9000
1361.1,138.9,0.0361
2694.4,472.2,0.0600
1916.7,361.1,0.0086
1916.7,1138.9,0.0179
861.1,694.4,0.0022
2638.9,138.9,0.9000
1305.6,1027.8,0.7006
916.7,1750.0,0.0000
2861.1,861.1,0.0000
1638.9,1861.1,0.0374
2361.1,527.8,0.9000
472.2,1694.4,0.9000
1305.6,1472.2,0.0179
1972.2,472.2,0.0129
972.2,1805.6,0.0005
2138.9,1138.9,0.0035
1972.2,861.1,0.4473
138.9,1083.3,0.0000
583.3,472.2,0.0006
750.0,305.6,0.0127
1194.4,1805.6,0.0064
472.2,83.3,0.1759
1805.6,1527.8,0.0076
2138.9,416.7,0.0039
2694.4,916.7,0.0000
2083.3,638.9,0.0682
1583.3,1750.0,0.0088
2916.7,638.9,0.9000
2305.6,138.9,0.0000
1138.9,250.0,0.0089
1972.2,1472.2,0.0033
1694.4,694.4,0.0367
361.1,361.1,0.0000
1805.6,638.9,0.0347
2861.1,1972.2,0.9000
2361.1,1805.6,0.1539
1305.6,1361.1,0.0326
638.9,1638.9,0.0189
2694.4,1027.8,0.0000
1138.9,472.2,0.0054
1694.4,916.7,0.9000
83.3,1583.3,0.0000
1861.1,972.2,0.0557
2138.9,1750.0,0.0224
2416.7,1861.1,0.9000
1250.0,305.6,0.0060
305.6,583.3,0.0000
194.4,1638.9,0.0581
2083.3,916.7,0.0212
194.4,1472.2,0.0000
2916.7,1027.8,0.0000
638.9,1472.2,0.9000
27.8,861.1,0.0000
194.4,27.8,0.9000
2694.4,1250.0,0.0000
2305.6,1583.3,0.0021
2250.0,1583.3,0.0020
138.9,472.2,0.0000
2250.0,972.2,0.0000
1583.3,1416.7,0.0178
2861.1,1305.6,0.0000
2583.3,194.4,0.9000
1861.1,1527.8,0.0056
2750.0,27.8,0.6611
250.0,1805.6,0.9000
2583.3,1194.4,0.0000
138.9,1916.7,0.6206
1861.1,305.6,0.0071
2861.1,305.6,0.0255
638.9,1027.8,0.0000
194.4,1527.8,0.0000
2416.7,1472.2,0.0004
1527.8,1638.9,0.0084
2194.4,250.0,0.0000
1916.7,27.8,0.6672
2305.6,805.6,0.0173
527.8,361.1,0.0728
1361.1,1083.3,0.9000
305.6,1972.2,0.8157
2194.4,1638.9,0.0036
694.4,250.0,0.0313
305.6,1694.4,0.1400
2194.4,1472.2,0.0013
638.9,1861.1,0.0000
2472.2,527.8,0.8054
2750.0,194.4,0.9000
2750.0,527.8,0.0676
1138.9,83.3,0.1431
805.6,194.4,0.0547
1472.2,1861.1,0.0267
2972.2,527.8,0.0000
2861.1,972.2,0.0000
2361.1,638.9,0.4098
1250.0,916.7,0.0300
2583.3,1805.6,0.0000
2805.6,250.0,0.1030
1416.7,194.4,0.0143
861.1,250.0,0.0215
2805.6,1805.6,0.0000
250.0,416.7,0.0000
138.9,83.3,0.0000
472.2,416.7,0.9000
583.3,694.4,0.0000
1027.8,1972.2,0.6699
750.0,1916.7,0.0000
750.0,527.8,0.0012
83.3,1527.8,0.0000
2416.7,250.0,0.0030
2083.3,1916.7,0.2686
1972.2,916.7,0.0570
2527.8,416.7,0.9000
2972.2,1583.3,0.0000
472.2,861.1,0.5277
1861.1,1194.4,0.0193
2861.1,1194.4,0.0000
2361.1,1027.8,0.0000
2583.3,1416.7,0.0000
1916.7,527.8,0.0189
2305.6,1250.0,0.0002
638.9,861.1,0.0000
83.3,1361.1,0.9000
83.3,861.1,0.0000
750.0,416.7,0.0020
2972.2,194.4,0.0044
861.1,583.3,0.0015
2583.3,1083.3,0.0000
2527.8,1416.7,0.9000
1638.9,194.4,0.0085
83.3,638.9,0.0000
527.8,27.8,0.8818
2305.6,1750.0,0.0321
527.8,1972.2,0.6437
83.3,1472.2,0.0000
2027.8,1472.2,0.0022
2972.2,1138.9,0.0000
416.7,1138.9,0.0000
1972.2,527.8,0.0190
972.2,194.4,0.0347
2361.1,1527.8,0.0010
83.3,1750.0,0.0054
1916.7,805.6,0.9000
2083.3,138.9,0.0000
2138.9,1250.0,0.0026
2861.1,27.8,0.6064
2305.6,527.8,0.6300
2583.3,1638.9,0.0000
1583.3,1305.6,0.0233
805.6,694.4,0.0014
1861.1,1472.2,0.0076
1361.1,694.4,0.0222
2194.4,361.1,0.0032
2861.1,1361.1,0.0000
1861.1,1361.1,0.0121
694.4,1694.4,0.0059
1805.6,1027.8,0.0324
2305.6,972.2,0.0000
2194.4,1083.3,0.0019
2194.4,1805.6,0.0558
1638.9,916.7,0.9000
694.4,194.4,0.0768
27.8,194.4,0.0000
2916.7,1305.6,0.0000
972.2,1027.8,0.0136
138.9,1138.9,0.0000
1694.4,1527.8,0.0107
1694.4,1250.0,0.0234
27.8,1305.6,0.0000
305.6,694.4,0.0000
305.6,638.9,0.0000
2638.9,1694.4,0.0000
1027.8,1861.1,0.0033
1083.3,527.8,0.0050
1750.0,1416.7,0.0143
1583.3,916.7,0.9000
2805.6,1027.8,0.0000
861.1,1027.8,0.0049
27.8,361.1,0.0000
1694.4,1083.3,0.0394
138.9,805.6,0.0000
472.2,1972.2,0.7060
1083.3,1916.7,0.0315
694.4,583.3,0.0007
1972.2,1250.0,0.0100
250.0,1750.0,0.7153
1416.7,1027.8,0.9000
2027.8,1416.7,0.0029
1583.3,1694.4,0.0073
805.6,1638.9,0.0035
638.9,1083.3,0.0000
1305.6,305.6,0.0066
472.2,916.7,0.2326
694.4,1083.3,0.0000
2916.7,1916.7,0.0000
1916.7,1916.7,0.1645
472.2,1861.1,0.9000
1138.9,861.1,0.0212
1305.6,1916.7,0.0632
2527.8,1083.3,0.2562
2250.0,194.4,0.0000
1472.2,250.0,0.0079
83.3,1916.7,0.4169
1194.4,27.8,0.7650
2194.4,1694.4,0.0112
1638.9,250.0,0.0066
250.0,1027.8,0.0000
527.8,1750.0,0.0036
2750.0,1972.2,0.9000
2305.6,83.3,0.0000
1916.7,638.9,0.0332
1194.4,83.3,0.1291
2472.2,694.4,0.0317
2361.1,138.9,0.0000
1972.2,1138.9,0.0137
2250.0,138.9,0.0000
583.3,1861.1,0.0000
2083.3,1861.1,0.0914
2916.7,916.7,0.0000
1194.4,1194.4,0.9000
1083.3,805.6,0.0156
2750.0,916.7,0.0000
2250.0,805.6,0.0388
861.1,1583.3,0.0040
2638.9,1083.3,0.0000
1694.4,750.0,0.0383
1027.8,638.9,0.0061
972.2,1638.9,0.0055
194.4,194.4,0.0000
1694.4,27.8,0.6761
138.9,250.0,0.0000
2972.2,1861.1,0.0000
2583.3,416.7,0.0438
805.6,1972.2,0.6539
1305.6,1194.4,0.0543
2861.1,1583.3,0.0000
2083.3,1472.2,0.0017
1916.7,1861.1,0.0619
416.7,1750.0,0.1285
250.0,583.3,0.0000
916.7,1361.1,0.0475
2750.0,83.3,0.3706
527.8,1583.3,0.9000
1027.8,805.6,0.0117
2305.6,305.6,0.0053
2305.6,472.2,0.0227
2972.2,1472.2,0.0000
2083.3,27.8,0.6589
27.8,1138.9,0.0000
194.4,83.3,0.0000
2527.8,361.1,0.9000
361.1,1750.0,0.5887
2361.1,805.6,0.0061
138.9,1750.0,0.0356
2361.1,583.3,0.9000
2472.2,1194.4,0.0000
1194.4,194.4,0.0200
527.8,194.4,0.9000
916.7,1305.6,0.7526
1250.0,1805.6,0.0071
1194.4,305.6,0.0051
527.8,416.7,0.0370
1694.4,527.8,0.0177
2861.1,416.7,0.0000
1361.1,194.4,0.0157
1305.6,750.0,0.0233
861.1,1861.1,0.0000
2583.3,694.4,0.0000
2583.3,1694.4,0.0000
1027.8,1305.6,0.0469
972.2,250.0,0.0140
2527.8,1361.1,0.9000
2361.1,250.0,0.0027
1805.6,694.4,0.0436
1027.8,861.1,0.0136
916.7,527.8,0.0016
2694.4,1361.1,0.0000
750.0,1305.6,0.7785
1194.4,972.2,0.0336
1305.6,83.3,0.1077
1027.8,1416.7,0.0287
1083.3,1638.9,0.0089
1361.1,916.7,0.0414
1416.7,1750.0,0.0074
1861.1,1250.0,0.0170
638.9,694.4,0.0000
194.4,694.4,0.0000
1138.9,750.0,0.0168
2583.3,972.2,0.0000
138.9,1583.3,0.0000
1027.8,138.9,0.0688
1027.8,527.8,0.0032
2138.9,194.4,0.0000
2305.6,1194.4,0.0000
2138.9,1527.8,0.0013
361.1,805.6,0.0000
1250.0,1250.0,0.0405
416.7,1416.7,0.0000
2972.2,361.1,0.0000
2972.2,27.8,0.0074
583.3,861.1,0.0000
1638.9,1472.2,0.0142
2527.8,1527.8,0.9000
2750.0,861.1,0.0000
916.7,1805.6,0.0000
1138.9,1194.4,0.9000
472.2,194.4,0.2054
2861.1,472.2,0.0000
1861.1,805.6,0.9000
1250.0,638.9,0.0167
972.2,1472.2,0.0193
1750.0,1194.4,0.0240
305.6,1083.3,0.0000
2083.3,361.1,0.0022
583.3,361.1,0.0225
250.0,1250.0,0.0000
2972.2,861.1,0.0000
1138.9,27.8,0.7906
361.1,1083.3,0.0000
472.2,250.0,0.2155
2805.6,27.8,0.3138
2472.2,972.2,0.0012
250.0,1583.3,0.2346
2694.4,361.1,0.1528
250.0,1361.1,0.0000
1638.9,1361.1,0.0197
2750.0,583.3,0.0000
2527.8,1138.9,0.5891
250.0,194.4,0.0000
861.1,138.9,0.1026
1305.6,472.2,0.0106
2250.0,916.7,0.0000
527.8,1305.6,0.0355
2361.1,916.7,0.0000
472.2,1083.3,0.0003
750.0,694.4,0.0009
1916.7,83.3,0.0303
1083.3,1694.4,0.0066
1694.4,1138.9,0.0289
805.6,1916.7,0.0000
2805.6,1472.2,0.0000
1805.6,1583.3,0.0058
1083.3,1027.8,0.0343
1083.3,638.9,0.0089
194.4,1027.8,0.0000
2250.0,472.2,0.0176
2138.9,1861.1,0.1039
972.2,638.9,0.0039
1805.6,250.0,0.0061
361.1,138.9,0.0000
527.8,1250.0,0.0063
1750.0,1027.8,0.0410
27.8,1527.8,0.0000
1472.2,972.2,0.9000
138.9,527.8,0.0000
2250.0,1083.3,0.0001
305.6,1805.6,0.3520
2194.4,1250.0,0.0016
2750.0,1250.0,0.0000
2083.3,583.3,0.0207
361.1,250.0,0.0000
1583.3,1250.0,0.0286
472.2,27.8,0.9000
1916.7,1638.9,0.0026
2972.2,916.7,0.0000
83.3,750.0,0.0000
916.7,1916.7,0.0049
361.1,1916.7,0.0228
972.2,916.7,0.0109
583.3,1527.8,0.9000
1583.3,805.6,0.0412
750.0,83.3,0.9000
1250.0,1527.8,0.0152
1972.2,305.6,0.0051
194.4,1305.6,0.0000
861.1,805.6,0.0030
1361.1,1027.8,0.9000
416.7,1305.6,0.0000
194.4,1805.6,0.2108
805.6,527.8,0.0012
1916.7,472.2,0.0141
972.2,1861.1,0.0003
1638.9,361.1,0.0091
1416.7,1250.0,0.0373
1750.0,1083.3,0.0295
2416.7,583.3,0.4354
2472.2,250.0,0.0035
83.3,527.8,0.0000
2194.4,805.6,0.0868
1916.7,250.0,0.0046
1583.3,1194.4,0.0319
2472.2,472.2,0.9000
83.3,805.6,0.0000
1083.3,138.9,0.0604
1305.6,1305.6,0.0383
2416.7,83.3,0.0000
638.9,1138.9,0.0000
2027.8,250.0,0.0013
1027.8,472.2,0.0023
2416.7,805.6,0.0002
694.4,361.1,0.0053
472.2,1750.0,0.9000
2027.8,1972.2,0.9000
361.1,1805.6,0.9000
361.1,416.7,0.0000
1472.2,1138.9,0.0446
1138.9,1250.0,0.3297
138.9,1194.4,0.0000
361.1,638.9,0.0000
2916.7,1083.3,0.0000
1583.3,138.9,0.0220
1527.8,750.0,0.0343
1583.3,583.3,0.0197
2638.9,1250.0,0.0000
1083.3,972.2,0.0211
1750.0,805.6,0.0809
2250.0,1527.8,0.0015
805.6,1527.8,0.0162
1416.7,1138.9,0.0507
416.7,250.0,0.0000
1250.0,1861.1,0.0129
250.0,694.4,0.0000
1583.3,27.8,0.6839
2027.8,916.7,0.0313
1305.6,527.8,0.0131
2027.8,472.2,0.0115
2416.7,138.9,0.0000
1638.9,583.3,0.0209
1694.4,1861.1,0.0410
2194.4,861.1,0.0147
1527.8,1083.3,0.0673
2750.0,1583.3,0.0000
1750.0,250.0,0.0062
416.7,972.2,0.0000
1972.2,638.9,0.0308
1138.9,1583.3,0.0122
1638.9,805.6,0.0423
361.1,1027.8,0.0000
916.7,1694.4,0.0006
2194.4,138.9,0.0000
2250.0,1416.7,0.0010
2916.7,1694.4,0.0000
1583.3,305.6,0.0072
1527.8,1027.8,0.9000
472.2,1416.7,0.2539
2194.4,1416.7,0.0012
2472.2,83.3,0.0018
694.4,1305.6,0.2819
638.9,361.1,0.0071
2916.7,27.8,0.1927
2861.1,1472.2,0.0000
1361.1,416.7,0.0093
1750.0,1361.1,0.0169
527.8,1861.1,0.0004
472.2,361.1,0.9000
416.7,1527.8,0.0062
1250.0,1138.9,0.9000
138.9,305.6,0.0000
1472.2,1305.6,0.0308
250.0,1916.7,0.6493
861.1,1472.2,0.0154
2305.6,1416.7,0.0008
1861.1,416.7,0.0120
2805.6,1861.1,0.0000
2750.0,1194.4,0.0000
2361.1,694.4,0.1386
2027.8,638.9,0.0406
2527.8,750.0,0.0000
1361.1,250.0,0.0088
2027.8,83.3,0.0115
2416.7,1750.0,0.1262
1916.7,972.2,0.0313
2972.2,1527.8,0.0000
194.4,250.0,0.0000
2861.1,1138.9,0.0000
583.3,1250.0,0.0192
250.0,1694.4,0.6321
1138.9,194.4,0.0222
194.4,972.2,0.0000
2583.3,1138.9,0.0000
1138.9,1305.6,0.0422
194.4,1694.4,0.0847
83.3,1638.9,0.0000
1305.6,1250.0,0.0398
1972.2,1972.2,0.8598
2027.8,138.9,0.0000
1361.1,1527.8,0.0145
750.0,1861.1,0.0000
694.4,1916.7,0.0000
361.1,1138.9,0.0000
2305.6,1694.4,0.0140
1916.7,305.6,0.0063
2472.2,750.0,0.0051
27.8,1083.3,0.0000
27.8,1416.7,0.0000
2861.1,527.8,0.0000
750.0,1083.3,0.0000
416.7,1694.4,0.0002
583.3,194.4,0.9000
1472.2,416.7,0.0104
1250.0,1305.6,0.0445
2638.9,1638.9,0.0000
1472.2,1805.6,0.0119
1750.0,750.0,0.0389
2638.9,1416.7,0.0000
583.3,416.7,0.0063
83.3,583.3,0.0000
750.0,1194.4,0.0470
583.3,1416.7,0.4583
1194.4,1972.2,0.6746
805.6,1361.1,0.9000
2583.3,638.9,0.0000
305.6,250.0,0.0000
27.8,1250.0,0.0000
361.1,305.6,0.0000
2361.1,1972.2,0.3276
1916.7,1305.6,0.0113
805.6,972.2,0.0017
1083.3,250.0,0.0097
1638.9,416.7,0.0116
805.6,1750.0,0.0000
2916.7,1361.1,0.0000
861.1,1916.7,0.0010
1750.0,1138.9,0.0258
2694.4,1972.2,0.9000
138.9,638.9,0.0000
361.1,583.3,0.0000
27.8,1361.1,0.9000
2583.3,916.7,0.0000
2416.7,1027.8,0.0000
1972.2,1916.7,0.1874
2027.8,583.3,0.0249
805.6,27.8,0.6418
861.1,1083.3,0.0087
1916.7,1194.4,0.0158
750.0,1638.9,0.0095
1638.9,1583.3,0.0093
1527.8,27.8,0.6893
1861.1,583.3,0.0276
138.9,1472.2,0.0000
1083.3,472.2,0.0036
527.8,861.1,0.0000
1972.2,1027.8,0.0171
361.1,27.8,0.9000
805.6,1694.4,0.0000
2750.0,1416.7,0.0000
1194.4,916.7,0.0255
1361.1,361.1,0.0075
583.3,527.8,0.0004
2861.1,361.1,0.0075
2916.7,1972.2,0.9000
138.9,1027.8,0.0000
1694.4,805.6,0.0449
2194.4,1750.0,0.0269
2805.6,805.6,0.0000
2416.7,1638.9,0.0233
1694.4,1416.7,0.0158
916.7,1972.2,0.6636
1527.8,305.6,0.0072
2083.3,1416.7,0.0020
2472.2,805.6,0.0000
2527.8,805.6,0.0000
916.7,1527.8,0.0103
361.1,1194.4,0.0000
2805.6,1750.0,0.0000
2750.0,1916.7,0.0000
2194.4,416.7,0.0096
1694.4,1305.6,0.0211
1583.3,250.0,0.0070
1361.1,1361.1,0.0296
2361.1,972.2,0.0000
2861.1,638.9,0.7508
2083.3,750.0,0.9000
1472.2,1638.9,0.0087
1750.0,972.2,0.1559
138.9,138.9,0.0000
2305.6,1805.6,0.0781
1805.6,1694.4,0.0054
1861.1,138.9,0.0073
2972.2,1250.0,0.0000
1583.3,694.4,0.0334
2027.8,1250.0,0.0067
2638.9,1027.8,0.0000
916.7,638.9,0.0025
2861.1,1027.8,0.0000
1750.0,1861.1,0.0449
1361.1,1805.6,0.0090
1083.3,83.3,0.1630
83.3,1305.6,0.0000
2527.8,472.2,0.9000
2472.2,1583.3,0.0379
416.7,861.1,0.0000
1805.6,1138.9,0.0239
2361.1,1694.4,0.0217
2861.1,1527.8,0.0000
1694.4,138.9,0.0151
1750.0,416.7,0.0122
638.9,1250.0,0.0489
27.8,138.9,0.0000
2027.8,194.4,0.0003
1750.0,305.6,0.0075
2472.2,138.9,0.0004
2527.8,138.9,0.9000
2805.6,1138.9,0.0000
2083.3,1083.3,0.0072
527.8,1527.8,0.9000
1083.3,861.1,0.0177
1305.6,1583.3,0.0121
2972.2,1416.7,0.0000
2694.4,83.3,0.1305
27.8,1694.4,0.0000
1805.6,1083.3,0.0255
1583.3,1861.1,0.0339
2472.2,1138.9,0.0000
472.2,1138.9,0.0000
138.9,1305.6,0.0000
1583.3,1972.2,0.7081
2138.9,1194.4,0.0030
1638.9,1416.7,0.0169
2138.9,1472.2,0.0014
861.1,1250.0,0.9000
2583.3,27.8,0.7927
2416.7,527.8,0.9000
1861.1,250.0,0.0056
1583.3,1361.1,0.0206
2416.7,1972.2,0.7279
972.2,305.6,0.0044
1027.8,1361.1,0.0443
1527.8,1138.9,0.0402
2305.6,638.9,0.9000
1916.7,138.9,0.0053
1638.9,694.4,0.0359
2138.9,27.8,0.6540
1583.3,1805.6,0.0150
2361.1,1361.1,0.0002
2750.0,1138.9,0.0000
1250.0,1472.2,0.0182
2972.2,694.4,0.0000
638.9,972.2,0.0000
2694.4,1583.3,0.0000
2694.4,1305.6,0.0000
1694.4,416.7,0.0120
1027.8,1472.2,0.0199
2750.0,416.7,0.5910
2416.7,1305.6,0.0000
1194.4,694.4,0.0172
2138.9,361.1,0.0003
361.1,694.4,0.0000
194.4,1916.7,0.9000
638.9,1916.7,0.0000
2305.6,1027.8,0.0000
2527.8,583.3,0.2344
250.0,83.3,0.0000
416.7,1472.2,0.0002
1305.6,583.3,0.0157
1638.9,527.8,0.0173
2138.9,305.6,0.0000
2861.1,83.3,0.6700
694.4,27.8,0.1093
1805.6,361.1,0.0097
416.7,916.7,0.0000
1472.2,1527.8,0.0135
416.7,83.3,0.0000
1805.6,805.6,0.9000
361.1,1861.1,0.9000
972.2,861.1,0.0096
972.2,1194.4,0.9000
250.0,916.7,0.0000
2250.0,861.1,0.0037
305.6,1416.7,0.0000
2694.4,1694.4,0.0000
1750.0,861.1,0.9000
2138.9,527.8,0.0136
972.2,1083.3,0.0357
250.0,1972.2,0.6797
638.9,1305.6,0.1537
1305.6,1861.1,0.0160
2861.1,694.4,0.0000
27.8,750.0,0.0000
1638.9,1305.6,0.0222
2527.8,1694.4,0.9000
2138.9,861.1,0.0358
2861.1,138.9,0.4728
27.8,416.7,0.0000
2583.3,1361.1,0.0000
2805.6,1638.9,0.0000
583.3,916.7,0.0000
1416.7,1361.1,0.0262
1138.9,1138.9,0.9000
1972.2,138.9,0.0024
2027.8,694.4,0.9000
305.6,416.7,0.0000
2138.9,1083.3,0.0039
2138.9,1805.6,0.0494
583.3,805.6,0.0000
750.0,1472.2,0.0483
694.4,527.8,0.0010
1305.6,1750.0,0.0067
27.8,1583.3,0.0000
1416.7,916.7,0.0567
1472.2,1416.7,0.0192
1361.1,1138.9,0.0889
2361.1,1583.3,0.0017
2583.3,1972.2,0.9000
138.9,916.7,0.0000
1583.3,1083.3,0.0478
1472.2,583.3,0.0185
2583.3,1305.6,0.0000
83.3,1805.6,0.0171
583.3,1638.9,0.0791
1972.2,1861.1,0.0703
1805.6,27.8,0.6708
1194.4,250.0,0.0087
1305.6,1694.4,0.0076
2805.6,305.6,0.0928
2305.6,416.7,0.0162
2472.2,1472.2,0.0042
1250.0,1583.3,0.0124
305.6,138.9,0.0000
194.4,1361.1,0.6413
138.9,416.7,0.0000
1527.8,1250.0,0.0323
2861.1,805.6,0.0000
416.7,1361.1,0.0000
2972.2,1194.4,0.0000
1361.1,1416.7,0.0210
2694.4,694.4,0.0000
2194.4,638.9,0.9000
861.1,305.6,0.0077
2805.6,750.0,0.0000
1194.4,361.1,0.0048
1972.2,805.6,0.9000
1250.0,1916.7,0.0557
750.0,972.2,0.0000
1527.8,361.1,0.0086
2361.1,83.3,0.0000
2694.4,972.2,0.0000
2083.3,694.4,0.7840
2083.3,1194.4,0.0051
2861.1,1861.1,0.0000
2916.7,694.4,0.0000
1083.3,1361.1,0.0348
2805.6,972.2,0.0000
1027.8,1916.7,0.0227
1027.8,194.4,0.0297
1694.4,638.9,0.0319
2250.0,1250.0,0.0008
1361.1,1305.6,0.0370
694.4,1138.9,0.0000
861.1,972.2,0.0044
2027.8,1916.7,0.2171
2194.4,1361.1,0.0013
1250.0,1083.3,0.9000
1083.3,1472.2,0.0196
1750.0,916.7,0.9000
305.6,527.8,0.0000
2472.2,1750.0,0.9000
2083.3,972.2,0.0089
694.4,1972.2,0.6458
805.6,138.9,0.1136
1750.0,1972.2,0.7485
2805.6,1194.4,0.0000
805.6,1583.3,0.0098
305.6,805.6,0.0000
1194.4,1472.2,0.0185
1194.4,1027.8,0.6311
1416.7,1416.7,0.0198
2750.0,250.0,0.9000
1861.1,750.0,0.7491
2472.2,361.1,0.9000
1361.1,527.8,0.0142
1916.7,1083.3,0.0197
1194.4,583.3,0.0121
861.1,1194.4,0.2141
2750.0,138.9,0.9000
2250.0,1972.2,0.2608
2527.8,972.2,0.0203
416.7,194.4,0.0000
2750.0,1527.8,0.0000
1083.3,1805.6,0.0046
1916.7,1805.6,0.0264
527.8,527.8,0.0040
2361.1,472.2,0.1304
1194.4,861.1,0.0238
2083.3,305.6,0.0005
2305.6,861.1,0.0000
2805.6,583.3,0.0000
583.3,305.6,0.0572
1527.8,972.2,0.9000
2638.9,694.4,0.0000
1138.9,1916.7,0.0397
1694.4,250.0,0.0064
83.3,250.0,0.0000
861.1,27.8,0.9000
694.4,1361.1,0.9000
2972.2,583.3,0.0000
1472.2,694.4,0.0264
1305.6,416.7,0.0084
1583.3,1916.7,0.0956
2472.2,1305.6,0.0000
2861.1,916.7,0.0000
138.9,1972.2,0.2787
416.7,1583.3,0.0314
1638.9,750.0,0.0379
250.0,1194.4,0.0000
1916.7,1694.4,0.0040
916.7,1416.7,0.0224
1638.9,1694.4,0.0072
2305.6,1472.2,0.0010
250.0,250.0,0.0000
2638.9,1361.1,0.0000
2916.7,750.0,0.0000
1250.0,27.8,0.7450
1750.0,472.2,0.0151
1361.1,1583.3,0.0117
138.9,1805.6,0.1358
1361.1,1861.1,0.0194
2750.0,1861.1,0.0000
250.0,1305.6,0.0000
1694.4,1805.6,0.0179
638.9,472.2,0.0010
1194.4,1694.4,0.0077
2527.8,1250.0,0.7519
416.7,1861.1,0.8536
1083.3,1583.3,0.0115
1916.7,583.3,0.0281
472.2,1250.0,0.0002
1250.0,361.1,0.0060
2027.8,750.0,0.9000
2027.8,27.8,0.6630
2138.9,1416.7,0.0015
83.3,1694.4,0.0000
750.0,1805.6,0.0000
861.1,527.8,0.0013
1027.8,583.3,0.0045
750.0,472.2,0.0014
83.3,694.4,0.0000
1972.2,361.1,0.0074
27.8,1472.2,0.0000
472.2,1305.6,0.0203
2694.4,583.3,0.0000
2138.9,1638.9,0.0025
916.7,194.4,0.0409
2194.4,583.3,0.1036
2750.0,1361.1,0.0000
916.7,1638.9,0.0022
2583.3,750.0,0.0000
1194.4,1750.0,0.0064
527.8,250.0,0.9000
472.2,583.3,0.9000
861.1,1305.6,0.9000
916.7,361.1,0.0019
2250.0,1694.4,0.0133
2694.4,805.6,0.0000
2583.3,138.9,0.8132
1805.6,1972.2,0.7684
2805.6,694.4,0.0000
2527.8,1805.6,0.2042
27.8,916.7,0.0000
750.0,1250.0,0.1861
1638.9,638.9,0.0293
2361.1,1916.7,0.9000
472.2,527.8,0.9000
1638.9,1972.2,0.7188
638.9,1194.4,0.0080
1305.6,638.9,0.0184
1027.8,972.2,0.0170
1250.0,1750.0,0.0066
2027.8,1638.9,0.0020
1138.9,972.2,0.0297
1861.1,83.3,0.0385
638.9,138.9,0.9000
1805.6,916.7,0.7373
1861.1,1083.3,0.0230
1138.9,416.7,0.0040
27.8,1194.4,0.0000
1194.4,750.0,0.0196
1305.6,194.4,0.0171
2472.2,416.7,0.9000
2416.7,1083.3,0.0000
1472.2,194.4,0.0127
750.0,638.9,0.0009
83.3,83.3,0.0000
2305.6,1638.9,0.0055
2527.8,527.8,0.8428
2916.7,805.6,0.0000
1138.9,1027.8,0.0529
138.9,861.1,0.0000
1583.3,416.7,0.0112
2027.8,416.7,0.0076
2916.7,138.9,0.6677
1472.2,1583.3,0.0109
1527.8,194.4,0.0113
1694.4,1472.2,0.0132
861.1,1638.9,0.0004
83.3,472.2,0.0000
638.9,27.8,0.3178
83.3,416.7,0.0000
472.2,972.2,0.0817
1305.6,861.1,0.0289
861.1,416.7,0.0014
1027.8,1138.9,0.7002
972.2,1916.7,0.0126
27.8,583.3,0.0000
305.6,1527.8,0.0242
2694.4,138.9,0.7563
2750.0,750.0,0.0000
2416.7,1194.4,0.0000
1194.4,1916.7,0.0479
1583.3,361.1,0.0088
1361.1,583.3,0.0169
1750.0,27.8,0.6731
2138.9,583.3,0.0192
916.7,1583.3,0.0054
2694.4,1916.7,0.0000
1250.0,416.7,0.0072
1472.2,138.9,0.0291
1750.0,638.9,0.0336
1916.7,694.4,0.0339
2138.9,750.0,0.9000
2361.1,750.0,0.0422
1972.2,1750.0,0.0121
1416.7,1472.2,0.0169
1861.1,472.2,0.0147
1416.7,1972.2,0.6875
138.9,1694.4,0.0217
472.2,305.6,0.9000
472.2,1527.8,0.9000
1750.0,1694.4,0.0063
1472.2,83.3,0.0878
194.4,361.1,0.0000
1305.6,972.2,0.0638
2805.6,1916.7,0.0000
1527.8,1194.4,0.0351
1750.0,1583.3,0.0073
2750.0,361.1,0.6668
305.6,83.3,0.0000
1750.0,1805.6,0.0193
27.8,250.0,0.0000
2972.2,1750.0,0.0000
2416.7,1416.7,0.0004
583.3,1750.0,0.0033
1083.3,1972.2,0.6713
1972.2,1805.6,0.0307
527.8,1194.4,0.0000
638.9,250.0,0.0548
916.7,1027.8,0.0087
2527.8,916.7,0.0003
2472.2,1527.8,0.0154
2361.1,1138.9,0.0000
472.2,638.9,0.9000
1027.8,416.7,0.0019
1861.1,1750.0,0.0095
1916.7,1527.8,0.0037
972.2,583.3,0.0028
2916.7,361.1,0.0000
750.0,916.7,0.0001
2083.3,1027.8,0.0081
583.3,1083.3,0.0000
2250.0,1305.6,0.0009
805.6,1250.0,0.4436
1416.7,361.1,0.0080
305.6,1861.1,0.8562
1972.2,1083.3,0.0155
1972.2,1527.8,0.0024
2638.9,194.4,0.9000
1305.6,1527.8,0.0150
472.2,1194.4,0.0000
2972.2,1305.6,0.0000
1194.4,1638.9,0.0098
1805.6,1472.2,0.0099
1472.2,472.2,0.0129
972.2,1305.6,0.7745
805.6,361.1,0.0034
1250.0,583.3,0.0141
138.9,1638.9,0.0060
1472.2,861.1,0.0407
1138.9,1527.8,0.0150
1527.8,1861.1,0.0303
2416.7,972.2,0.0000
1527.8,1583.3,0.0104
2638.9,472.2,0.0048
1361.1,1972.2,0.6832
2250.0,1750.0,0.0291
305.6,472.2,0.0000
1083.3,1750.0,0.0051
